[null,{"name":"setstatus","permissions":"NONE","permissions2":"NONE","restriction":"1","_id":"PzwUl","actions":[{"info":"0","infoIndex":"1","storage":"3","varName":"StatusText","name":"Store Command Params"},{"info":"0","infoIndex":"2","storage":"3","varName":"StatusType","name":"Store Command Params"}],"comType":"4","parameters":[{"name":"Text","description":"","type":"STRING","required":true,"choices":null},{"name":"Type","description":"","type":"STRING","required":true,"choices":[{"name":"watching","value":"1"},{"name":"streaming","value":"2"},{"name":"listening","value":"3"}]}]}]