[null,{"name":"Status","temp":"","event-type":"3","_id":"ybYbl","actions":[{"storage":"3","varName":"StatusType","comparison":"1","value":"Playing","branch":{"iftrue":"0","iffalse":"3","iffalseVal":"1"},"name":"Check Variable"},{"gameName":"${globalVars(\"StatusText\")}","gameLink":"","activityType":"PLAYING","name":"Set Bot Game"},{"storage":"3","varName":"StatusType","comparison":"1","value":"Watching","branch":{"iftrue":"0","iffalse":"3","iffalseVal":"1"},"name":"Check Variable"},{"gameName":"${globalVars(\"StatusText\")}","gameLink":"","activityType":"WATCHING","name":"Set Bot Game"},{"storage":"3","varName":"StatusType","comparison":"1","value":"Listening","branch":{"iftrue":"0","iffalse":"3","iffalseVal":"1"},"name":"Check Variable"},{"gameName":"${globalVars(\"StatusText\")}","gameLink":"","activityType":"LISTENING","name":"Set Bot Game"}]}]